order_id,customer,amount,event_time
1,Neha,105,2025-12-29T10:01:00
2,Ravi,110,2025-12-29T10:02:00
3,Vivek,115,2025-12-29T10:03:00
4,Anup,120,2025-12-29T10:04:00
5,Priya,125,2025-12-29T10:05:00
6,Rahul,130,2025-12-29T10:06:00
7,Sneha,135,2025-12-29T10:07:00
8,Amit,140,2025-12-29T10:08:00
9,Neha,145,2025-12-29T10:09:00
10,Ravi,150,2025-12-29T10:10:00
11,Vivek,155,2025-12-29T10:11:00
12,Anup,160,2025-12-29T10:12:00
13,Priya,165,2025-12-29T10:13:00
14,Rahul,170,2025-12-29T10:14:00
15,Sneha,175,2025-12-29T10:15:00
16,Amit,180,2025-12-29T10:16:00
17,Neha,185,2025-12-29T10:17:00
18,Ravi,190,2025-12-29T10:18:00
19,Vivek,195,2025-12-29T10:19:00
20,Anup,200,2025-12-29T10:20:00
21,Priya,205,2025-12-29T10:21:00
22,Rahul,210,2025-12-29T10:22:00
23,Sneha,215,2025-12-29T10:23:00
24,Amit,220,2025-12-29T10:24:00
25,Neha,225,2025-12-29T10:25:00
26,Ravi,230,2025-12-29T10:26:00
27,Vivek,235,2025-12-29T10:27:00
28,Anup,240,2025-12-29T10:28:00
29,Priya,245,2025-12-29T10:29:00
30,Rahul,250,2025-12-29T10:30:00
31,Sneha,255,2025-12-29T10:31:00
32,Amit,260,2025-12-29T10:32:00
33,Neha,265,2025-12-29T10:33:00
34,Ravi,270,2025-12-29T10:34:00
35,Vivek,275,2025-12-29T10:35:00
36,Anup,280,2025-12-29T10:36:00
37,Priya,285,2025-12-29T10:37:00
38,Rahul,290,2025-12-29T10:38:00
39,Sneha,295,2025-12-29T10:39:00
40,Amit,300,2025-12-29T10:40:00
41,Neha,305,2025-12-29T10:41:00
42,Ravi,310,2025-12-29T10:42:00
43,Vivek,315,2025-12-29T10:43:00
44,Anup,320,2025-12-29T10:44:00
45,Priya,325,2025-12-29T10:45:00
46,Rahul,330,2025-12-29T10:46:00
47,Sneha,335,2025-12-29T10:47:00
48,Amit,340,2025-12-29T10:48:00
49,Neha,345,2025-12-29T10:49:00
50,Ravi,350,2025-12-29T10:50:00
51,Vivek,355,2025-12-29T10:51:00
52,Anup,360,2025-12-29T10:52:00
53,Priya,365,2025-12-29T10:53:00
54,Rahul,370,2025-12-29T10:54:00
55,Sneha,375,2025-12-29T10:55:00
56,Amit,380,2025-12-29T10:56:00
57,Neha,385,2025-12-29T10:57:00
58,Ravi,390,2025-12-29T10:58:00
59,Vivek,395,2025-12-29T10:59:00
60,Anup,400,2025-12-29T11:00:00
61,Priya,405,2025-12-29T11:01:00
62,Rahul,410,2025-12-29T11:02:00
63,Sneha,415,2025-12-29T11:03:00
64,Amit,420,2025-12-29T11:04:00
65,Neha,425,2025-12-29T11:05:00
66,Ravi,430,2025-12-29T11:06:00
67,Vivek,435,2025-12-29T11:07:00
68,Anup,440,2025-12-29T11:08:00
69,Priya,445,2025-12-29T11:09:00
70,Rahul,450,2025-12-29T11:10:00
71,Sneha,455,2025-12-29T11:11:00
72,Amit,460,2025-12-29T11:12:00
73,Neha,465,2025-12-29T11:13:00
74,Ravi,470,2025-12-29T11:14:00
75,Vivek,475,2025-12-29T11:15:00
76,Anup,480,2025-12-29T11:16:00
77,Priya,485,2025-12-29T11:17:00
78,Rahul,490,2025-12-29T11:18:00
79,Sneha,495,2025-12-29T11:19:00
80,Amit,500,2025-12-29T11:20:00
81,Neha,505,2025-12-29T11:21:00
82,Ravi,510,2025-12-29T11:22:00
83,Vivek,515,2025-12-29T11:23:00
84,Anup,520,2025-12-29T11:24:00
85,Priya,525,2025-12-29T11:25:00
86,Rahul,530,2025-12-29T11:26:00
87,Sneha,535,2025-12-29T11:27:00
88,Amit,540,2025-12-29T11:28:00
89,Neha,545,2025-12-29T11:29:00
90,Ravi,550,2025-12-29T11:30:00
91,Vivek,555,2025-12-29T11:31:00
92,Anup,560,2025-12-29T11:32:00
93,Priya,565,2025-12-29T11:33:00
94,Rahul,570,2025-12-29T11:34:00
95,Sneha,575,2025-12-29T11:35:00
96,Amit,580,2025-12-29T11:36:00
97,Neha,585,2025-12-29T11:37:00
98,Ravi,590,2025-12-29T11:38:00
99,Vivek,595,2025-12-29T11:39:00
100,Anup,600,2025-12-29T11:40:00
101,Priya,605,2025-12-29T11:41:00
102,Rahul,610,2025-12-29T11:42:00
103,Sneha,615,2025-12-29T11:43:00
104,Amit,620,2025-12-29T11:44:00
105,Neha,625,2025-12-29T11:45:00
106,Ravi,630,2025-12-29T11:46:00
107,Vivek,635,2025-12-29T11:47:00
108,Anup,640,2025-12-29T11:48:00
109,Priya,645,2025-12-29T11:49:00
110,Rahul,650,2025-12-29T11:50:00
111,Sneha,655,2025-12-29T11:51:00
112,Amit,660,2025-12-29T11:52:00
113,Neha,665,2025-12-29T11:53:00
114,Ravi,670,2025-12-29T11:54:00
115,Vivek,675,2025-12-29T11:55:00
116,Anup,680,2025-12-29T11:56:00
117,Priya,685,2025-12-29T11:57:00
118,Rahul,690,2025-12-29T11:58:00
119,Sneha,695,2025-12-29T11:59:00
120,Amit,700,2025-12-29T12:00:00
121,Neha,705,2025-12-29T12:01:00
122,Ravi,710,2025-12-29T12:02:00
123,Vivek,715,2025-12-29T12:03:00
124,Anup,720,2025-12-29T12:04:00
125,Priya,725,2025-12-29T12:05:00
126,Rahul,730,2025-12-29T12:06:00
127,Sneha,735,2025-12-29T12:07:00
128,Amit,740,2025-12-29T12:08:00
129,Neha,745,2025-12-29T12:09:00
130,Ravi,750,2025-12-29T12:10:00
131,Vivek,755,2025-12-29T12:11:00
132,Anup,760,2025-12-29T12:12:00
133,Priya,765,2025-12-29T12:13:00
134,Rahul,770,2025-12-29T12:14:00
135,Sneha,775,2025-12-29T12:15:00
136,Amit,780,2025-12-29T12:16:00
137,Neha,785,2025-12-29T12:17:00
138,Ravi,790,2025-12-29T12:18:00
139,Vivek,795,2025-12-29T12:19:00
140,Anup,800,2025-12-29T12:20:00
141,Priya,805,2025-12-29T12:21:00
142,Rahul,810,2025-12-29T12:22:00
143,Sneha,815,2025-12-29T12:23:00
144,Amit,820,2025-12-29T12:24:00
145,Neha,825,2025-12-29T12:25:00
146,Ravi,830,2025-12-29T12:26:00
147,Vivek,835,2025-12-29T12:27:00
148,Anup,840,2025-12-29T12:28:00
149,Priya,845,2025-12-29T12:29:00
150,Rahul,850,2025-12-29T12:30:00
151,Sneha,855,2025-12-29T12:31:00
152,Amit,860,2025-12-29T12:32:00
153,Neha,865,2025-12-29T12:33:00
154,Ravi,870,2025-12-29T12:34:00
155,Vivek,875,2025-12-29T12:35:00
156,Anup,880,2025-12-29T12:36:00
157,Priya,885,2025-12-29T12:37:00
158,Rahul,890,2025-12-29T12:38:00
159,Sneha,895,2025-12-29T12:39:00
160,Amit,900,2025-12-29T12:40:00
161,Neha,905,2025-12-29T12:41:00
162,Ravi,910,2025-12-29T12:42:00
163,Vivek,915,2025-12-29T12:43:00
164,Anup,920,2025-12-29T12:44:00
165,Priya,925,2025-12-29T12:45:00
166,Rahul,930,2025-12-29T12:46:00
167,Sneha,935,2025-12-29T12:47:00
168,Amit,940,2025-12-29T12:48:00
169,Neha,945,2025-12-29T12:49:00
170,Ravi,950,2025-12-29T12:50:00
171,Vivek,955,2025-12-29T12:51:00
172,Anup,960,2025-12-29T12:52:00
173,Priya,965,2025-12-29T12:53:00
174,Rahul,970,2025-12-29T12:54:00
175,Sneha,975,2025-12-29T12:55:00
176,Amit,980,2025-12-29T12:56:00
177,Neha,985,2025-12-29T12:57:00
178,Ravi,990,2025-12-29T12:58:00
179,Vivek,995,2025-12-29T12:59:00
180,Anup,100,2025-12-29T13:00:00
181,Priya,105,2025-12-29T13:01:00
182,Rahul,110,2025-12-29T13:02:00
183,Sneha,115,2025-12-29T13:03:00
184,Amit,120,2025-12-29T13:04:00
185,Neha,125,2025-12-29T13:05:00
186,Ravi,130,2025-12-29T13:06:00
187,Vivek,135,2025-12-29T13:07:00
188,Anup,140,2025-12-29T13:08:00
189,Priya,145,2025-12-29T13:09:00
190,Rahul,150,2025-12-29T13:10:00
191,Sneha,155,2025-12-29T13:11:00
192,Amit,160,2025-12-29T13:12:00
193,Neha,165,2025-12-29T13:13:00
194,Ravi,170,2025-12-29T13:14:00
195,Vivek,175,2025-12-29T13:15:00
196,Anup,180,2025-12-29T13:16:00
197,Priya,185,2025-12-29T13:17:00
198,Rahul,190,2025-12-29T13:18:00
199,Sneha,195,2025-12-29T13:19:00
200,Amit,200,2025-12-29T13:20:00
